Participant Number,Time
-1,0:00:02.261696
-1,0:00:04.145962
-1,0:00:04.820056
